"Queue","Count","Age"
trms_us_ari_concessionsabusecapdnrreferrals_wrk_amz,14156,238663
trms_us_ari_concessions_abuse_high_pri_capdnr_referrals_wrk_amz,2556,238632
trms_us_ari_f3concessionsabuse_wrk_amz,2239,932410
trms_us_ari_mfnegregious_wrk_amz,1470,1617900
trms_us_ari_email_ari_ecresc_wrk_amz,1441,1531530
trms_us_ari_concessionaccinvestigation_wrk_amz,1199,314395
trms_us_pi_ari_claims_atoz_ari_abuse_abc_wrk_amz,1183,96518
trms_us_ari_dnr_concessions_abuse_wrk_amz,793,325676
trms_us_ari_acclinkageinvestigation_wrk_amz,668,387336
trms_us_ari_psi_transfer_acc_level_wrk_amz,540,399814
trms_us_ari_sellerinitiatedrefund_wrk_amz,447,42207
trms_us_ari_email_ofm_wrk_amz,412,79217
trms_us_ari_abdrop_ship_abuse_referrals_wrk_amz,344,227873
trms_us_ari_email_contra_ari_wrk_amz,342,79534
trms_us_ari_trustedsellerreferral_wrk_amz,315,251195
trms_us_ari_cap_high_risk_wrk_amz,288,235133
trms_us_ari_concessionsabuseflrrferrals_highrisk_intransit_wrk_amz,188,698194
trms_us_ari_ari_b2bconcessions_abusecapdnrreferrals_wrk_amz,128,61380
trms_us_ari_email_arm_appeals_wrk_amz,115,42469
trms_us_ari_email_maa_emails_wrk_amz,109,45083
trms_us_ari_email_dnr_emails_wrk_amz,107,79391
trms_us_ari_abuse_service_chargebacks_wrk_amz,105,242031
trms_us_ari_drop_ship_abuse_referrals_wrk_amz,98,227873
trms_us_ari_email_mfn_emails_wrk_amz,55,79027
trms_us_ari_mdr_acc_investigation_high_risk_wrk_amz,51,389337
trms_us_ari_email_ari_rcr_wrk_amz,50,44210
trms_us_ari_email_buyer_returns_wrk_amz,49,79195
trms_us_ari_afnbearsrefundapproval_wrk_amz,37,34472
trms_us_ari_email_rqla_wrk_amz,37,6305203
trms_us_ari_email_nsr_appeal_wrk_amz,32,5737939
trms_us_ari_email_mfn_retrocharge_wrk_amz,24,248348
trms_us_ari_psi_transfer_concession_level_wrk_amz,21,13838
trms_us_ari_email_ari_crt_wrk_amz,16,40489
trms_us_ari_pfw_high_risk_wrk_amz,16,18538
trms_us_ari_ff_concessions_abuserefundapproval_wrk_amz,15,41173
trms_us_ari_psi_transfer_riskyorder_wrk_amz,7,6030
trms_us_ari_email_neat_wrk_amz,5,79453
trms_us_ari_in_transit_wrk_amz,4,785
trms_us_ari_concessions_abuse_cs_referrals_wrk_amz,3,236001
trms_us_ari_email_qla_wrk_amz,3,38905
trms_us_email_ari_lastword_wrk_amz,3,67248
trms_us_ari_email_dsappeal_wrk_amz,2,2270
trms_us_ari_afn_flr_refund_approval_wrk_amz,1,26.6
trms_us_ari_bearsconcessions_abuseriskyorders_wrk_amz,1,133
trms_us_ari_email_pna_appeals_wrk_amz,1,99.8
trms_ca_ari_concessions_abuse_cap_dnr_referrals_wrk_amz,1026,238416
trms_ca_ari_buyer_claims_abuse_wrk_amz,522,283490
trms_ca_ari_barsconcessionabuse_wrk_amz,200,395635
trms_ca_ari_dnr_concessions_abuse_wrk_amz,173,326012
trms_ca_ari_concessions_abuse_high_pri_capdnr_referrals_wrk_amz,147,237288
trms_ca_pi_ari_claims_atoz_ari_abuse_abc_wrk_amz,136,96399
trms_ca_ari_mfnegregious_wrk_amz,121,1517683
trms_ca_ari_email_ofm_wrk_amz,68,76792
trms_ca_ari_acclinkageinvestigation_wrk_amz,63,387380
trms_ca_ari_psi_transfer_acc_level_wrk_amz,60,363305
trms_ca_ari_b2b_concessionsabuse_wrk_amz,55,5067735
trms_ca_ari_cap_high_risk_wrk_amz,48,234451
trms_ca_ari_nsr_concessions_abuse_2_wrk_amz,40,43482
trms_ca_ari_sellerinitiatedrefund_wrk_amz,33,41448
trms_ca_ari_high_risk_accinvestigation_wrk_amz,20,338149
trms_ca_ari_email_ari_esc_wrk_amz,15,1516561
trms_ca_ari_trustedsellerreferral_wrk_amz,15,93372
trms_ca_ari_email_dnr_emails_wrk_amz,12,69123
trms_ca_ari_email_maa_emails_wrk_amz,12,37519
trms_ca_ari_email_contra_ari_wrk_amz,9,70497
trms_ca_ari_email_dsappeal_wrk_amz,8,6227058
trms_ca_ari_email_arm_appeals_wrk_amz,5,28884
trms_ca_ari_email_mfn_emails_wrk_amz,5,58152
trms_ca_ari_ari_b2bconcessions_abusecapdnrreferrals_wrk_amz,4,33123
trms_ca_ari_afnhighriskrefundapproval_wrk_amz,2,37268
trms_ca_ari_email_qla_wrk_amz,2,19423
trms_ca_ari_email_ari_rcr_wrk_amz,1,41164
trms_ca_ari_email_nsr_appeal_wrk_amz,1,1085520
trms_ca_ari_in_transit_wrk_amz,1,744
trms_ca_ari_psi_transfer_concession_level_wrk_amz,1,17.1
trms_mx_ari_concessionsabusecapdnrreferrals_wrk_amz,487,219019
trms_mx_ari_ari_buyerclaimsabuse_wrk_amz,140,385293
trms_mx_ari_nsr_concessions_abuse_wrk_amz,72,317904
trms_mx_ari_acclinkageinvestigation_wrk_amz,66,387352
trms_mx_pi_ari_claims_atoz_ari_abuse_abc_wrk_amz,61,85130
trms_mx_ari_ari_email_ofm_sg_wrk_amz,41,78174
trms_mx_ari_in_transit_wrk_amz,38,261497
trms_mx_ari_mfnegregious_wrk_amz,33,509854
trms_mx_ari_concessions_abuse_high_pri_capdnr_referrals_wrk_amz,29,217800
trms_mx_ari_barsconcessionabuse_wrk_amz,18,343842
trms_mx_ari_psi_transfer_acc_level_wrk_amz,11,500815
trms_mx_ari_high_risk_accinvestigation_wrk_amz,9,348397
trms_mx_ari_email_dsappeal_wrk_amz,8,6227053
trms_mx_ari_psi_transfer_concession_level_wrk_amz,8,483178
trms_mx_ari_dnr_concessions_abuse_wrk_amz,6,331821
trms_mx_ari_email_contra_ari_wrk_amz,6,78336
trms_mx_ari_email_dnr_emails_wrk_amz,6,74107
trms_mx_ari_afnhighriskrefundapproval_wrk_amz,5,41418
trms_mx_ari_email_ari_rcr_wrk_amz,5,45601
trms_mx_ari_email_maa_emails_wrk_amz,4,17613
trms_mx_ari_mdr_cg_wrk_amz,4,558143
trms_mx_ari_afnrrefundapproval_wrk_amz,3,3109168
trms_mx_ari_email_arm_appeals_wrk_amz,1,16365
trms_br_ari_email_suspect_abuse_wrk_amz,257,271166
trms_br_ari_dnr_concessions_abuse_wrk_amz,247,399014
trms_br_ari_mfnegregious_wrk_amz,197,510179
trms_br_ari_buyer_claims_abuse_wrk_amz,74,383847
trms_br_pi_ari_claims_atoz_ari_abuse_abc_wrk_amz,47,84254
trms_br_ari_acclinkageinvestigation_wrk_amz,35,386911
trms_br_ari_email_ofm_wrk_amz,28,78598
trms_br_ari_nsr_concessions_abuse_wrk_amz,28,265972
trms_br_ari_email_dnr_emails_wrk_amz,17,79018
trms_br_ari_email_contra_ari_wrk_amz,15,78501
trms_br_ari_email_arm_appeals_wrk_amz,14,25215
trms_br_ari_barsconcessionabuse_wrk_amz,13,314698
trms_br_ari_email_ari_rcr_wrk_amz,8,22298
trms_br_ari_in_transit_wrk_amz,7,271717
trms_br_ari_email_ari_esc_wrk_amz,6,1353982
trms_br_ari_email_maa_emails_wrk_amz,5,17776
trms_br_ari_psi_transfer_concession_level_wrk_amz,5,83324
trms_br_ari_sellerinitiatedrefund_wrk_amz,5,1136
trms_br_ari_afnhighriskrefundapproval_wrk_amz,4,35683
trms_br_ari_mdr_cg_wrk_amz,4,872512
trms_br_ari_concessionsabusepfocpersona_wrk_amz,3,735132
trms_br_ari_afnrefundapproval_wrk_amz,2,770
trms_br_ari_email_mfn_emails_wrk_amz,2,61645
trms_br_pi_ari_trms_pi_buyer_abuse_referral_wrk_amz,2,1447851
trms_br_ari_email_buyer_returns_wrk_amz,1,67772
trms_us_ari_afnhigh_risk_refund_approval_wrk_amz,194,41117
trms_au_ari_email_suspect_abuse_wrk_amz,114,128738
trms_au_ari_in_transit_wrk_amz,109,396674
trms_au_ari_dnr_concessions_abuse_wrk_amz,81,399723
trms_au_ari_afnhighriskrefundapproval_wrk_amz,47,33126
trms_au_ari_afnrefundapproval_wrk_amz,38,22266
trms_au_ari_nsr_concessions_abuse_wrk_amz,31,377299
trms_au_ari_acclinkageinvestigation_wrk_amz,26,388146
trms_au_ari_drop_ship_abuse_referrals_wrk_amz,25,226633
trms_au_ari_email_ari_esc_wrk_amz,23,2235926
trms_au_pi_ari_claims_atoz_ari_abuse_abc_wrk_amz,18,52823
trms_au_ari_buyer_claims_abuse_wrk_amz,14,317905
trms_au_ari_mfnegregious_wrk_amz,10,896349
trms_au_ari_email_arm_appeals_wrk_amz,6,21683
trms_au_ari_afnrrefundapproval_wrk_amz,3,3109169
trms_au_ari_mdr_cg_wrk_amz,3,558133
trms_au_ari_psi_transfer_riskyorder_wrk_amz,3,4092421
trms_au_ari_afn_holistic_refund_approval_wrk_amz,2,15169
trms_au_ari_armholisticrefundapproval_wrk_amz,2,14630
trms_au_ari_psi_transfer_concession_level_wrk_amz,2,2199944
trms_au_ari_email_ari_rcr_wrk_amz,1,18800
trms_au_pi_ari_trms_pi_buyer_abuse_referral_wrk_amz,1,1454673
trms_jp_ari_barsconcessionabuse_wrk_amz,319,398087
trms_jp_ari_dnr_concessions_abuse_wrk_amz,177,394768
trms_jp_ari_afnhighriskrefundapproval_wrk_amz,132,34111
trms_jp_ari_f3concessionsabuse_wrk_amz,118,932401
trms_jp_ari_buyerclaimsabuse_wrk_amz,93,389229
trms_jp_ari_nsr_concessions_abuse_wrk_amz,87,399277
trms_jp_ari_afnrefundapproval_wrk_amz,81,22208
trms_jp_pi_ari_claims_atoz_ari_abuse_abc_wrk_amz,42,51521
trms_jp_ari_mfnegregious_wrk_amz,27,896996
trms_jp_ari_sellerinitiatedrefund_wrk_amz,22,22203
trms_jp_ari_acclinkageinvestigation_wrk_amz,21,388604
trms_jp_ari_drop_ship_abuse_referrals_wrk_amz,20,226304
trms_jp_ari_email_ari_rcr_wrk_amz,18,42223
trms_jp_ari_abdrop_ship_abuse_referrals_wrk_amz,10,226270
trms_jp_ari_b2b_concessionsabuse_wrk_amz,10,4517470
trms_jp_ari_afn_holistic_refund_approval_wrk_amz,3,20798
trms_jp_ari_afnrrefundapproval_wrk_amz,3,3109170
trms_jp_ari_in_transit_wrk_amz,3,312706
trms_jp_ari_mdr_cg_wrk_amz,3,558133
trms_jp_ari_email_ari_esc_wrk_amz,2,1997870
trms_jp_ari_psi_transfer_riskyorder_wrk_amz,2,2426303
trms_jp_ari_psi_transfer_acc_level_wrk_amz,1,5338180
trms_jp_ari_psi_transfer_concession_level_wrk_amz,1,2517770
trms_sg_ari_f3concessionsabuse_wrk_amz,43,932401
trms_sg_ari_in_transit_wrk_amz,7,268441
trms_sg_ari_dnr_concessions_abuse_wrk_amz,4,370589
trms_sg_ari_afnrrefundapproval_wrk_amz,3,3109170
trms_sg_ari_buyer_claims_abuse_wrk_amz,3,143129
trms_sg_ari_mdr_cg_wrk_amz,3,558134
trms_sg_ari_mfnegregious_wrk_amz,2,896430
trms_sg_ari_email_buyer_claims_wrk_amz,1,34.0
trms_sg_ari_nsr_concessions_abuse_wrk_amz,1,355002
trms_sg_pi_ari_claims_atoz_ari_abuse_abc_wrk_amz,1,22024
trms_uk_ari_concessions_abuse_pfoc_persona_wrk_amz,2333,344219
trms_uk_ari_f3concessionsabuse_wrk_amz,971,326922
trms_uk_ari_concessionsabusecapdnrreferrals_wrk_amz,712,78085
trms_uk_ari_dnr_concessions_abuse_wrk_amz_2,396,119434
trms_uk_ari_concessions_abuse_high_pri_capdnr_referrals_wrk_amz,332,78134
trms_uk_ari_email_ari_esc_wrk_amz,330,1650795
trms_uk_ari_acclinkageinvestigation_wrk_amz,317,381404
trms_uk_ari_email_ofm_wrk_amz,315,98483
trms_uk_ari_psi_transfer_acc_level_wrk_amz,292,369217
trms_uk_ari_email_contra_ari_wrk_amz,233,98721
trms_uk_pi_ari_claims_atoz_ari_abuse_abc_wrk_amz,116,17696
trms_uk_ari_highrisk_lvrefundapproval_wrk_amz,111,27187
trms_uk_ari_concessionsabuserr_wrk_amz,107,20699
trms_uk_ari_email_arm_appeals_wrk_amz,106,36006
trms_uk_ari_email_dnr_emails_wrk_amz,101,97691
trms_uk_ari_email_maa_emails_wrk_amz,93,36083
trms_uk_ari_mfnegregious_wrk_amz,60,390166
trms_uk_ari_afnbearsrefundapproval_wrk_amz,54,27905
trms_uk_ari_cap_high_risk_wrk_amz,52,206951
trms_uk_ari_drop_ship_abuse_referrals_wrk_amz,50,227386
trms_uk_ari_nsr_concessions_abuse_wrk_amz,45,109057
trms_uk_ari_mdr_acc_investigation_high_risk_wrk_amz,44,394810
trms_uk_ari_mdr_acc_investigation_bau_wrk_amz,33,21894
trms_uk_ari_email_buyer_returns_wrk_amz,21,98106
trms_uk_ari_retrocharge_wrk_amz,21,402859
trms_uk_ari_email_ari_rcr_wrk_amz,19,36099
trms_uk_ari_abdrop_ship_abuse_referrals_wrk_amz,12,227377
trms_uk_ari_email_mfn_emails_wrk_amz,10,98018
trms_uk_ari_concessionsabuse_flrreferrals_wrk_amz,7,246799
trms_uk_ari_in_transit_wrk_amz,7,21152
trms_uk_ari_psi_4hr_transfer_concession_level_wrk_amz,4,27044
trms_uk_ari_armholisticrefundapproval_wrk_amz,1,3031
trms_uk_ari_bearsconcessions_abuseriskyorders_wrk_amz,1,6343
trms_uk_ari_email_buyer_claims_abuse_wrk_amz,1,85804
trms_uk_ari_mdr_cg_wrk_amz,1,21038
trms_ae_ari_email_suspect_abuse_wrk_amz,209,373722
trms_ae_ari_email_contra_ari_wrk_amz,73,98685
trms_ae_ari_email_ofm_wrk_amz,60,98452
trms_ae_ari_buyer_claims_abuse_wrk_amz,53,377157
trms_ae_ari_email_ari_esc_wrk_amz,48,1585445
trms_ae_ari_mdr_cg_wrk_amz,29,4918594
trms_ae_ari_email_arm_appeals_wrk_amz,27,35384
trms_ae_ari_acclinkageinvestigation_wrk_amz,15,381318
trms_ae_pi_ari_claims_atoz_ari_abuse_abc_wrk_amz,14,67573
trms_ae_ari_dnr_concessions_abuse_wrk_amz,10,12532
trms_ae_ari_mfnegregious_wrk_amz,8,388698
trms_ae_ari_psi_transfer_acc_level_wrk_amz,8,944594
trms_ae_ari_psi_transfer_concession_level_wrk_amz,7,1557099
trms_ae_ari_afnhighriskrefundapproval_wrk_amz,6,26897
trms_ae_ari_psi_transfer_riskyorder_wrk_amz,6,1640525
trms_ae_ari_email_ari_rcr_wrk_amz,2,33131
trms_ae_ari_email_buyer_returns_wrk_amz,2,81899
trms_ae_ari_afn_holistic_refund_approval_wrk_amz,1,9.13
trms_ae_ari_email_dnr_emails_wrk_amz,1,4273
trms_ae_ari_email_maa_emails_wrk_amz,1,26188
trms_ae_ari_email_neat_wrk_amz,1,18318
trms_ae_ari_email_pna_appeals_wrk_amz,1,7345308
trms_sa_ari_email_suspect_abuse_wrk_amz,324,373931
trms_sa_ari_email_contra_ari_wrk_amz,40,98931
trms_sa_ari_email_ofm_wrk_amz,34,98719
trms_sa_ari_acclinkageinvestigation_wrk_amz,28,381176
trms_sa_ari_mfnegregious_wrk_amz,24,510384
trms_sa_ari_buyer_claims_abuse_wrk_amz,19,394213
trms_sa_pi_ari_claims_atoz_ari_abuse_abc_wrk_amz,18,73611
trms_sa_ari_afnhighriskrefundapproval_wrk_amz,17,26341
trms_sa_ari_email_arm_appeals_wrk_amz,15,35091
trms_sa_ari_email_ari_esc_wrk_amz,12,1582731
trms_sa_ari_email_maa_emails_wrk_amz,9,24889
trms_sa_ari_email_dnr_emails_wrk_amz,7,97182
trms_sa_ari_psi_transfer_acc_level_wrk_amz,7,946501
trms_sa_ari_mdr_cg_wrk_amz,6,4905367
trms_sa_ari_psi_transfer_concession_level_wrk_amz,6,1546372
trms_sa_ari_psi_transfer_riskyorder_wrk_amz,4,2072926
trms_sa_ari_email_ari_rcr_wrk_amz,3,13848
trms_sa_ari_email_buyer_returns_wrk_amz,3,78279
trms_sa_ari_dnr_concessions_abuse_wrk_amz,2,7939
trms_sa_ari_email_mfn_emails_wrk_amz,1,16566
trms_sa_ari_email_rqla_wrk_amz,1,25124
trms_eg_ari_email_suspect_abuse_wrk_amz,1240,375182
trms_eg_ari_email_contra_ari_wrk_amz,353,98871
trms_eg_ari_email_maa_emails_wrk_amz,179,35993
trms_eg_ari_account_link_age_investigation_wrk_amz,161,382797
trms_eg_ari_email_ofm_wrk_amz,143,97980
trms_eg_ari_afnhighriskrefundapproval_wrk_amz,127,28679
trms_eg_ari_mfnegregious_wrk_amz,55,510195
trms_eg_ari_email_ari_esc_wrk_amz,41,1646127
trms_eg_ari_email_arm_appeals_wrk_amz,39,32991
trms_eg_ari_psi_transfer_concession_level_wrk_amz,37,1714497
trms_eg_ari_psi_transfer_riskyorder_wrk_amz,22,1585367
trms_eg_ari_dnrconcessionsabuse_wrk_amz,21,12536
trms_eg_ari_mdr_cg_wrk_amz,16,4919071
trms_eg_ari_highrisk_lvrefundapproval_wrk_amz,12,17747
trms_eg_ari_psi_transfer_acc_level_wrk_amz,12,946086
trms_eg_ari_email_buyer_returns_wrk_amz,9,91009
trms_eg_ari_email_dnr_emails_wrk_amz,9,87521
trms_eg_ari_high_risk_accinvestigation_wrk_amz,9,341621
trms_eg_ari_email_ari_rcr_wrk_amz,8,28932
trms_eg_ari_buyerclaimsabuse_wrk_amz,5,345471
trms_eg_ari_email_rqla_wrk_amz,5,27747
trms_eg_ari_email_qla_wrk_amz,3,28075
trms_eg_ari_afn_holistic_refund_approval_wrk_amz,1,12.7
trms_eg_ari_armholisticrefundapproval_wrk_amz,1,9143
trms_eg_ari_email_mfn_emails_wrk_amz,1,33028
trms_eg_pi_ari_claims_atoz_ari_abuse_abc_wrk_amz,1,7796
trms_de_ari_mdr_acc_investigation_bau_wrk_amz,2596,274415
trms_de_pi_ari_claims_atoz_ari_abuse_abc_wrk_amz,708,149615
trms_de_ari_concessions_abuse_cap_dnr_referrals_wrk_amz,469,77734
trms_de_ari_email_ofm_wrk_amz,379,98387
trms_de_ari_nsr_concessions_abuse_wrk_amz,306,280464
trms_de_ari_in_transit_wrk_amz,245,238987
trms_de_ari_psi_transfer_acc_level_wrk_amz,224,364724
trms_de_ari_concessionsabuse_flrreferrals_wrk_amz,210,246799
trms_de_ari_email_ari_esc_wrk_amz,157,1652925
trms_de_ari_email_contra_ari_wrk_amz,101,98452
trms_de_ari_acclinkageinvestigation_wrk_amz,87,382472
trms_de_ari_email_dnr_emails_wrk_amz,79,98254
trms_de_ari_email_arm_appeals_wrk_amz,78,35793
trms_de_ari_concessionsabuserr_wrk_amz,52,193443
trms_de_ari_concessions_abuse_high_pri_capdnr_referrals_wrk_amz,50,78044
trms_de_ari_f3concessionsabuse_wrk_amz,46,326920
trms_de_ari_mfnegregious_wrk_amz,46,389031
trms_de_ari_sellerinitiatedrefund_wrk_amz,42,15465
trms_de_ari_email_buyer_claims_abuse_wrk_amz,37,98207
trms_de_ari_abdrop_ship_abuse_referrals_wrk_amz,33,227720
trms_de_ari_mdr_account_investigations_high_risk_wrk_amz,33,393759
trms_de_ari_mdr_cg_wrk_amz,32,57296
trms_de_ari_email_mfn_emails_wrk_amz,26,97640
trms_de_ari_trustedsellerreferral_wrk_amz,26,162667
trms_de_ari_cap_high_risk_wrk_amz,24,200468
trms_de_ari_email_maa_emails_wrk_amz,24,35041
trms_de_ari_email_buyer_returns_wrk_amz,21,98201
trms_de_ari_afnhighriskrefundapproval_wrk_amz,14,28634
trms_de_ari_concessions_abuse_pfoc_persona_wrk_amz,13,12908
trms_de_ari_email_rcr_wrk_amz,13,36714
trms_de_ari_email_qla_wrk_amz,9,25850
trms_de_ari_drop_ship_abuse_referrals_wrk_amz,4,227715
trms_de_ari_concessionsabuseflrreferrals_intransit_wrk_amz,3,164587
trms_de_ari_email_dsappeal_wrk_amz,3,23264
trms_de_ari_afnbearsrefundapproval_wrk_amz,2,4682
trms_de_ari_email_aba_wrk_amz,2,78.8
trms_de_ari_psi_transfer_riskyorder_wrk_amz,1,215
trms_es_ari_mdr_acc_investigation_bau_wrk_amz,907,275003
trms_es_ari_in_transit_wrk_amz,191,240166
trms_es_ari_f3concessionsabuse_wrk_amz,147,326919
trms_es_pi_ari_claims_atoz_ari_abuse_abc_wrk_amz,140,145314
trms_es_ari_email_ofm_wrk_amz,115,98261
trms_es_ari_concessionsabuse_flrreferrals_wrk_amz,97,246806
trms_es_ari_concessions_abuse_cap_dnr_referrals_wrk_amz,93,77448
trms_es_ari_nsr_concessions_abuse_wrk_amz,66,277510
trms_es_ari_email_ari_esc_wrk_amz,58,1639439
trms_es_ari_psi_transfer_acc_level_wrk_amz,52,363103
trms_es_ari_mdr_account_investigations_high_risk_wrk_amz,42,352346
trms_es_ari_concessions_abuse_high_pri_capdnr_referrals_wrk_amz,39,76671
trms_es_ari_dnr_concessions_abuse_wrk_amz,38,105678
trms_es_ari_afnhighriskrefundapproval_wrk_amz,34,25264
trms_es_ari_concessionsabuserr_wrk_amz,31,193420
trms_es_ari_email_contra_ari_wrk_amz,30,93531
trms_es_ari_acclinkageinvestigation_wrk_amz,27,381215
trms_es_ari_mfnegregious_wrk_amz,19,390079
trms_es_ari_email_arm_appeals_wrk_amz,16,34532
trms_es_ari_buyer_returns_wrk_amz,13,71621
trms_es_ari_email_dnr_emails_wrk_amz,13,98550
trms_es_ari_sellerinitiatedrefund_wrk_amz,13,16225
trms_es_ari_concessionsabuseflrreferrals_intransit_wrk_amz,11,164678
trms_es_ari_email_maa_emails_wrk_amz,10,35896
trms_es_ari_email_ari_rcr_wrk_amz,8,34304
trms_es_ari_trustedsellerreferral_wrk_amz,8,159066
trms_es_ari_cap_high_risk_wrk_amz,7,198168
trms_es_ari_mdr_cg_wrk_amz,4,40329
trms_es_ari_afnbearsrefundapproval_wrk_amz,3,9532
trms_es_ari_email_mfn_emails_wrk_amz,3,73026
trms_es_ari_abdrop_ship_abuse_referrals_wrk_amz,2,226447
trms_es_ari_ari_b2bconcessions_abusecapdnrreferrals_wrk_amz,1,707
trms_es_ari_armholisticrefundapproval_wrk_amz,1,5033
trms_es_ari_drop_ship_abuse_referrals_wrk_amz,1,226415
trms_fr_pi_ari_claims_atoz_ari_abuse_abc_wrk_amz,542,148188
trms_fr_ari_mdr_acc_investigation_bau_wrk_amz,409,274377
trms_fr_ari_concessions_abuse_cap_dnr_referrals_wrk_amz,373,78048
trms_fr_ari_in_transit_wrk_amz,176,233898
trms_fr_ari_email_ofm_wrk_amz,148,97395
trms_fr_ari_email_contra_ari_wrk_amz,121,98482
trms_fr_ari_psi_transfer_acc_level_wrk_amz,109,365308
trms_fr_ari_afnhighriskrefundapproval_wrk_amz,90,28524
trms_fr_ari_email_maa_emails_wrk_amz,89,34746
trms_fr_ari_acclinkageinvestigation_wrk_amz,81,382659
trms_fr_ari_concessionsabuse_flrreferrals_wrk_amz,62,246807
trms_fr_ari_dnr_concessions_abuse_wrk_amz,60,181295
trms_fr_ari_f3concessionsabuse_wrk_amz,59,326921
trms_fr_ari_email_ari_esc_wrk_amz,55,1635334
trms_fr_ari_mfnegregious_wrk_amz,47,390147
trms_fr_ari_email_dnr_emails_wrk_amz,46,98159
trms_fr_ari_concessions_abuse_high_pri_capdnr_referrals_wrk_amz,43,77425
trms_fr_ari_email_arm_appeals_wrk_amz,34,34162
trms_fr_ari_cap_high_risk_wrk_amz,25,205777
trms_fr_ari_sellerinitiatedrefund_wrk_amz,24,16466
trms_fr_ari_mdr_account_investigations_high_risk_wrk_amz,22,291859
trms_fr_ari_concessionsabuserr_wrk_amz,21,193062
trms_fr_ari_trustedsellerreferral_wrk_amz,13,117114
trms_fr_ari_concessionsabuseflrreferrals_intransit_wrk_amz,11,164680
trms_fr_ari_buyer_returns_wrk_amz,10,91998
trms_fr_ari_email_qla_wrk_amz,7,25437
trms_fr_ari_mdr_cg_wrk_amz,6,57954
trms_fr_ari_psi_transfer_concession_level_wrk_amz,6,16160
trms_fr_ari_afnbearsrefundapproval_wrk_amz,5,16552
trms_fr_ari_email_mfn_emails_wrk_amz,5,83938
trms_fr_ari_email_ari_rcr_wrk_amz,4,26330
trms_fr_ari_concessions_abuse_risky_mfn_orders_wrk_amz,2,217
trms_fr_ari_drop_ship_abuse_referrals_wrk_amz,2,226766
trms_fr_ari_concessions_abuse_pfoc_persona_wrk_amz,1,7441
trms_fr_ari_email_neat_wrk_amz,1,25235
trms_fr_pi_ari_trms_pi_buyer_abuse_referral_wrk_amz,1,1123835
trms_it_ari_mdr_acc_investigation_bau_wrk_amz,742,274815
trms_it_ari_in_transit_wrk_amz,237,239013
trms_it_ari_email_ofm_wrk_amz,195,97704
trms_it_pi_ari_claims_atoz_ari_abuse_abc_wrk_amz,189,148529
trms_it_ari_nsr_concessions_abuse_wrk_amz,127,279415
trms_it_ari_concessions_abuse_cap_dnr_referrals_wrk_amz,111,77739
trms_it_ari_f3concessionsabuse_wrk_amz,110,326919
trms_it_ari_concessionsabuse_flrreferrals_wrk_amz,109,246802
trms_it_ari_acclinkageinvestigation_wrk_amz,83,381715
trms_it_ari_email_ari_esc_wrk_amz,81,1593458
trms_it_ari_email_gbi_wrk_amz,64,3875369
trms_it_ari_afnhighriskrefundapproval_wrk_amz,50,28038
trms_it_ari_dnr_concessions_abuse_wrk_amz,49,185753
trms_it_ari_email_contra_ari_wrk_amz,49,98580
trms_it_ari_psi_transfer_acc_level_wrk_amz,45,361271
trms_it_ari_email_maa_emails_wrk_amz,41,34969
trms_it_ari_concessionsabuserr_wrk_amz,36,193422
trms_it_ari_concessions_abuse_high_pri_capdnr_referrals_wrk_amz,32,76742
trms_it_ari_mdr_account_investigations_high_risk_wrk_amz,28,395471
trms_it_ari_buyer_returns_wrk_amz,24,91213
trms_it_ari_email_arm_appeals_wrk_amz,23,35339
trms_it_ari_mfnegregious_wrk_amz,20,389994
trms_it_ari_sellerinitiatedrefund_wrk_amz,17,16008
trms_it_ari_mdr_cg_wrk_amz,13,67150
trms_it_ari_email_ari_rcr_wrk_amz,11,27022
trms_it_ari_email_dnr_emails_wrk_amz,11,96069
trms_it_ari_cap_high_risk_wrk_amz,10,200906
trms_it_ari_trustedsellerreferral_wrk_amz,9,111998
trms_it_ari_afnbearsrefundapproval_wrk_amz,4,11048
trms_it_ari_drop_ship_abuse_referrals_wrk_amz,4,227572
trms_it_ari_concessionsabuseflrreferrals_intransit_wrk_amz,3,164629
trms_it_ari_email_qla_wrk_amz,3,26858
trms_it_ari_email_mfn_emails_wrk_amz,2,25798
trms_it_ari_email_neat_wrk_amz,2,72216
trms_it_ari_abdrop_ship_abuse_referrals_wrk_amz,1,227571
trms_it_ari_concessions_abuse_pfoc_persona_wrk_amz,1,10415
trms_be_ari_buyerclaimsabuse_wrk_amz,184,378417
trms_be_ari_email_suspect_abuse_wrk_amz,126,363801
trms_be_ari_email_ofm_wrk_amz,73,98579
trms_be_pi_ari_claims_atoz_ari_abuse_abc_wrk_amz,17,65301
trms_be_ari_accountlinkageinvestigation_wrk_amz,11,382365
trms_be_ari_dnrconcessions_abuse_wrk_amz,8,12609
trms_be_ari_mdr_cg_wrk_amz,6,4896333
trms_be_ari_mfn_egregious_wrk_amz,5,510561
trms_be_ari_email_ari_esc_wrk_amz,2,1275040
trms_be_ari_concessions_abusepfocpersona_wrk_amz,1,20664
trms_be_ari_email_arm_appeals_wrk_amz,1,15764
trms_be_ari_email_maa_emails_wrk_amz,1,686
trms_za_ari_email_ofm_wrk_amz,14,82753
trms_za_ari_email_ari_esc_wrk_amz,5,1574227
trms_za_ari_mdr_cg_wrk_amz,3,558143
trms_za_ari_email_suspect_abuse_wrk_amz,1,97484
trms_nl_ari_email_suspect_abuse_wrk_amz,250,375515
trms_nl_ari_mfnegregious_wrk_amz,32,510282
trms_nl_ari_email_ofm_wrk_amz,29,98359
trms_nl_pi_ari_claims_atoz_ari_abuse_abc_wrk_amz,29,75990
trms_nl_ari_email_ari_esc_wrk_amz,18,1574439
trms_nl_ari_buyer_claims_abuse_wrk_amz,16,381618
trms_nl_ari_psi_transfer_riskyorder_wrk_amz,15,1559882
trms_nl_ari_acclinkageinvestigation_wrk_amz,12,382828
trms_nl_ari_dnr_concessions_abuse_wrk_amz,10,11834
trms_nl_ari_email_ari_rcr_wrk_amz,8,25336
trms_nl_ari_email_dnr_emails_wrk_amz,8,95843
trms_nl_ari_mdr_cg_wrk_amz,8,4873675
trms_nl_ari_psi_transfer_concession_level_wrk_amz,7,1557390
trms_nl_ari_email_arm_appeals_wrk_amz,5,15798
trms_nl_ari_afnhighriskrefundapproval_wrk_amz,4,24457
trms_nl_ari_email_contra_ari_wrk_amz,3,94692
trms_nl_ari_mdr_acc_investigation_bau_wrk_amz,3,813196
trms_nl_ari_email_buyer_claims_wrk_amz,2,94612
trms_nl_ari_psi_transfer_acc_level_wrk_amz,2,114303
trms_nl_ari_email_buyer_returns_wrk_amz,1,7690
trms_nl_ari_email_mfn_emails_wrk_amz,1,84590
trms_nl_ari_high_risk_accinvestigation_wrk_amz,1,288063
trms_pl_ari_email_suspect_abuse_wrk_amz,144,373464
trms_pl_ari_email_ofm_wrk_amz,43,97682
trms_pl_ari_mdr_acc_investigation_bau_wrk_amz,27,898464
trms_pl_ari_buyer_claims_abuse_wrk_amz,22,287844
trms_pl_ari_account_link_age_investigation_wrk_amz,15,382839
trms_pl_pi_ari_claims_atoz_ari_abuse_abc_wrk_amz,10,69137
trms_pl_ari_email_arm_appeals_wrk_amz,9,29475
trms_pl_ari_email_contra_ari_wrk_amz,8,96770
trms_pl_ari_psi_transfer_concession_level_wrk_amz,5,1205035
trms_pl_ari_email_maa_emails_wrk_amz,3,23663
trms_pl_ari_mdr_cg_wrk_amz,3,558143
trms_pl_ari_psi_transfer_acc_level_wrk_amz,3,850200
trms_pl_ari_mfnegregious_wrk_amz,2,510566
trms_pl_ari_psi_transfer_riskyorder_wrk_amz,2,1043176
trms_pl_ari_concessions_abusepfocpersona_wrk_amz,1,22683
trms_pl_ari_email_ari_rcr_wrk_amz,1,19203
trms_pl_ari_email_buyer_returns_wrk_amz,1,486
trms_pl_ari_email_dnr_emails_wrk_amz,1,92707
trms_pl_ari_high_risk_accinvestigation_wrk_amz,1,6528
trms_in_ari_concessionsabusecaprrreferrals_wrk_amz,5257,206574
trms_in_ari_concessions_abuse_pre_returns_referrals_wrk_amz,4391,206592
trms_in_ari_concessionsabusecapdnrreferrals_wrk_amz,2921,206607
trms_in_ari_concession_abuse_cap_mdr_referrals_wrk_amz,2233,206562
trms_in_ari_email_ofm_wrk_amz,1343,98686
trms_in_ari_concessionsabusecaprwpreferrals_wrk_amz,1174,259871
trms_in_ari_in_transit_wrk_amz,1129,388522
trms_in_ari_f3concessionsabuse_wrk_amz,665,326918
trms_in_ari_dnr_concessions_abuse_wrk_amz,544,388139
trms_in_ari_email_contra_ari_wrk_amz,525,98831
trms_in_ari_email_ari_esc_wrk_amz,380,1587027
trms_in_ari_acclinkageinvestigation_wrk_amz,372,382194
trms_in_ari_seller_flex_wrk_amz,314,53686
trms_in_ari_mfnegregious_wrk_amz,192,510642
trms_in_ari_email_ari_rcr_wrk_amz,163,36760
trms_in_ari_b2b_concessionsabuse_wrk_amz,129,5067741
trms_in_ari_concessionsabusecapfreshreferrals_wrk_amz,108,106682
trms_in_ari_email_buyer_returns_wrk_amz,87,98350
trms_in_ari_email_qla_wrk_amz,52,32303
trms_in_ari_email_arm_appeals_wrk_amz,44,32751
trms_in_ari_email_undeliverable_seller_referrals_wrk_amz,28,40286
trms_in_ari_email_dnr_emails_wrk_amz,24,98629
trms_in_pi_ari_claims_atoz_ari_abuse_abc_wrk_amz,16,23667
trms_in_amazonpay_email_cashload_abuse_wrk_amz,14,6854776
trms_in_ari_email_mfn_emails_wrk_amz,8,89070
trms_in_ari_pfw_highrisk_wrk_amz,5,4394
trms_in_ari_trustedsellerreferral_wrk_amz,3,37725
trms_in_ari_email_slp_referral_wrk_amz,2,6759336
trms_in_ari_email_bca_wrk_amz,1,95871
trms_in_pi_ari_trms_pi_buyer_abuse_referral_wrk_amz,1,1231418
trms_se_ari_email_suspect_abuse_wrk_amz,129,288887
trms_se_ari_buyer_claims_abuse_wrk_amz,24,372338
trms_se_ari_email_ofm_wrk_amz,20,91305
trms_se_pi_ari_claims_atoz_ari_abuse_abc_wrk_amz,20,74556
trms_se_ari_mdr_acc_investigation_bau_wrk_amz,13,931431
trms_se_ari_acclinkageinvestigation_wrk_amz,6,381352
trms_se_ari_psi_transfer_concession_level_wrk_amz,4,715161
trms_se_ari_afnrrefundapproval_wrk_amz,3,3109172
trms_se_ari_email_ari_esc_wrk_amz,3,1532970
trms_se_ari_mdr_cg_wrk_amz,3,558143
trms_se_ari_psi_transfer_riskyorder_wrk_amz,3,2072420
trms_se_ari_email_ari_rcr_wrk_amz,2,24398
trms_se_ari_email_arm_appeals_wrk_amz,2,22279
trms_se_ari_email_dnr_emails_wrk_amz,2,24021
trms_se_ari_high_risk_accinvestigation_wrk_amz,2,174755
trms_se_ari_afnhighriskrefundapproval_wrk_amz,1,3535
trms_se_ari_dnr_concessions_abuse_wrk_amz,1,461
trms_se_ari_email_buyer_returns_wrk_amz,1,98228
trms_se_ari_email_contra_ari_wrk_amz,1,19168
trms_se_ari_email_mfn_emails_wrk_amz,1,72229
trms_se_ari_psi_transfer_acc_level_wrk_amz,1,116493
trms_tr_ari_qlaresellerlabuse_wrk_amz,182,12312
trms_tr_ari_email_suspect_abuse_wrk_amz,165,292316
trms_tr_ari_buyer_claims_abuse_wrk_amz,50,198935
trms_tr_ari_email_contra_ari_wrk_amz,48,97577
trms_tr_ari_acclinkageinvestigation_wrk_amz,27,381521
trms_tr_pi_ari_claims_atoz_ari_abuse_abc_wrk_amz,22,73450
trms_tr_ari_email_ofm_wrk_amz,20,96075
trms_tr_ari_psi_transfer_riskyorder_wrk_amz,15,1588306
trms_tr_ari_email_qla_wrk_amz,11,23249
trms_tr_ari_psi_transfer_concession_level_wrk_amz,11,1805847
trms_tr_ari_email_ari_rcr_wrk_amz,8,30041
trms_tr_ari_email_ari_esc_wrk_amz,5,1305513
trms_tr_ari_email_arm_appeals_wrk_amz,5,29888
trms_tr_ari_mdr_cg_wrk_amz,5,4910218
trms_tr_ari_afnhighriskrefundapproval_wrk_amz,1,5449
trms_tr_ari_dnr_concessions_abuse_wrk_amz,1,9454
trms_tr_ari_email_dnr_emails_wrk_amz,1,5905
trms_tr_ari_email_mfn_emails_wrk_amz,1,36459

